ID,Tipo,Finalidade,Cidade,Bairro,Quartos,Banheiros,Vagas,Área (m²),Valor,Condomínio (R$),IPTU (R$),Ano Construção,Status
1,Apartamento,Aluguel,São Paulo,Moema,2,2,1,78,5.200,950,380,2016,Disponível
2,Casa,Venda,Curitiba,Batel,3,3,2,180,1.150.000,0,1.900,2009,Disponível
3,Cobertura,Venda,Rio de Janeiro,Copacabana,4,4,2,240,1.980.000,1.800,2.300,2012,Disponível
4,Sala Comercial,Aluguel,São Paulo,Paulista,0,1,1,45,3.200,1.200,520,2018,Disponível
5,Terreno,Venda,Florianópolis,Campeche,0,0,0,520,650.000,0,1.100,0,Disponível
6,Apartamento,Venda,Belo Horizonte,Savassi,3,2,2,110,780.000,890,950,2014,Vendido
7,Casa,Aluguel,Porto Alegre,Moinhos de Vento,4,3,2,210,7.500,0,1.600,2007,Alugado
8,Apartamento,Aluguel,Recife,Boa Viagem,1,1,1,62,3.100,720,360,2019,Disponível
9,Casa,Venda,Salvador,Barra,5,4,3,320,1.650.000,0,2.200,2003,Disponível
10,Sala Comercial,Aluguel,Brasília,Asa Sul,0,2,0,88,4.800,1.500,740,2015,Disponível
11,Apartamento,Venda,Fortaleza,Meireles,2,2,2,95,690.000,780,820,2017,Disponível
12,Casa,Aluguel,Rio de Janeiro,Barra da Tijuca,3,3,2,190,8.000,0,1.850,2010,Disponível
13,Cobertura,Venda,São Paulo,Vila Mariana,3,3,2,210,1.720.000,1.650,2.000,2013,Disponível
14,Apartamento,Aluguel,Curitiba,Água Verde,2,1,1,70,2.800,680,410,2020,Alugado
15,Terreno,Venda,Goiânia,Setor Bueno,0,0,0,840,520.000,0,980,0,Disponível
16,Casa,Venda,Brasília,Lago Sul,4,4,3,350,1.950.000,0,2.700,2005,Disponível
17,Apartamento,Venda,Porto Alegre,Bela Vista,1,1,1,65,420.000,650,600,2018,Vendido
18,Sala Comercial,Aluguel,Recife,Pina,0,1,1,52,2.600,980,480,2016,Disponível
19,Casa,Aluguel,Florianópolis,Lagoa da Conceição,2,2,2,160,6.900,0,1.400,2011,Disponível
20,Apartamento,Venda,Campinas,Cambuí,3,2,2,105,750.000,820,870,2015,Disponível